venue_id,venue_name,city,address,website_url,menu_url,menu_source_type,tier,discovery_source,menu_status,last_checked_at
d50226ba6bbd8305,32-16-8,Berlin,"Perleberger Straße 58, 10559 Berlin",https://www.32168.de,,,1,overpass_osm,,
af039aeb85bea457,39 Bar,Berlin,"Oranienstraße 39, 10999 Berlin",,,,1,overpass_osm,,
38220627dd22ea04,9:00 pm,Berlin,,,,,1,overpass_osm,,
1cdc5cb7fcb85f62,AVCI Cocktail-Bar,Berlin,,,,,1,overpass_osm,,
1e847aa10ceb7f4f,Abstand,Berlin,"Rigaer Straße 78, 10247 Berlin",,,,1,overpass_osm,,
13fc6e491fedbbb1,Adam's Eck,Berlin,"Germaniastraße 150a, 12099 Berlin",,,,1,overpass_osm,,
a2a470e8b2545afe,Albert's,Berlin,"Scharnweberstraße 16, 13405 Berlin",https://www.alberts-restaurants.de/,,,1,overpass_osm,,
55cc5c22ca13d23a,Alcatraz,Berlin,"Wilsnacker Straße 30, 10559 Berlin",,,,1,overpass_osm,,
feb6c2f4e700d831,Alois S.,Berlin,"Senefelderstraße 18, 10437 Berlin",https://www.aloiss.de/,,,1,overpass_osm,,
fee4da8926b641f8,Alte Wäscherei,Berlin,"Naugarder Straße 11, 10409 Berlin",http://altewäscherei.de/,,,1,overpass_osm,,
e483602c24bcda37,Alter Roter Löwe Rein,Berlin,"Richardstraße 31, 12043 Berlin",https://redlion.berlin/,,,1,overpass_osm,,
21b48266725dfddf,Am Klinikum,Berlin,"Hindenburgdamm 93, 12203 Berlin",,,,1,overpass_osm,,
31ca7fa6e7fbdcda,Am Park,Berlin,"Ottostraße 9, 10555 Berlin",,,,1,overpass_osm,,
3e27c28027bcd7b8,August Fengler,Berlin,"Lychener Straße 11, 10437 Berlin",https://www.augustfengler.de/,,,1,overpass_osm,,
d55d4fc7639ab47f,Auguste,Berlin,,,,,1,overpass_osm,,
aca02eff77f16ee5,Avalon,Berlin,"Jessnerstraße 16, 10247 Berlin",,,,1,overpass_osm,,
7d6e6d82b372aa85,Bandito Rosso,Berlin,"Lottumstraße 10a, 10119 Berlin",,,,1,overpass_osm,,
22502447d8edc2cf,Bar 11,Berlin,"Wiener Straße 21, 10999 Berlin",,,,1,overpass_osm,,
e36648357d289f98,Bar Amelie,Berlin,"Auguststraße 2, 10117 Berlin",http://lolas-bar.de/,,,1,overpass_osm,,
11ba97a4b75669ca,Bar Carlitos,Berlin,"Sybelstraße 16, 10629 Berlin",http://www.bar-carlitos.de,,,1,overpass_osm,,
f15d22a606369835,Bar Fabrik,Berlin,"Alt-Tegel 27, 13507 Berlin",https://barfabrik.de/,,,1,overpass_osm,,
8ff4df80e47c5d0c,Bar Misirlou,Berlin,"Dunckerstraße 10, 10437 Berlin",,,,1,overpass_osm,,
9f72091078e344d3,Bar Voyage,Berlin,"Nollendorfstraße 1, 10783 Berlin",https://www.barvoyage.de/,,,1,overpass_osm,,
666a88293805e115,Bar im Wasserturm,Berlin,"Waldowstraße 20, 13053 Berlin",http://www.berlin-wasserturm.de/,,,1,overpass_osm,,
90a7de7b12f9cf25,Baude 38,Berlin,"Nassauische Straße 38, 10717 Berlin",,,,1,overpass_osm,,
aef3b79eafb8c0d6,Bei Schlawinchen,Berlin,"Schönleinstraße 34, 10967 Berlin",,,,1,overpass_osm,,
4582f9655ed3350a,Beim Dicken,Berlin,"Bellermannstraße 17a, 13357 Berlin",,,,1,overpass_osm,,
7f58f35cadfc172a,Bellboy Berlin,Berlin,"Anton-Wilhelm-Amo-Straße 30, 10117 Berlin",https://bellboybar.com/,,,1,overpass_osm,,
df5e572b4603b295,Berliner Bier-Akademie,Berlin,"Fürther Straße 8, 10777 Berlin",,,,1,overpass_osm,,
18632b3265201c0f,Berliner Bürgerstuben,Berlin,"Stargarder Straße 64, 10437 Berlin",,,,1,overpass_osm,,
70054e1103d18ae9,Besenkammer,Berlin,"Rathausstraße 1, 10178 Berlin",,,,1,overpass_osm,,
92be8e291c03eb3f,Beussel 71,Berlin,"Beusselstraße 71, 10553 Berlin",,,,1,overpass_osm,,
2141b20adb6d8387,Bier Stübl,Berlin,"Mariendorfer Damm 86, 12109 Berlin",,,,1,overpass_osm,,
f0fd1417f116be95,Bierbaum 1,Berlin,"Thomasstraße 9, 12053 Berlin",,,,1,overpass_osm,,
619662899ffc84b2,Bierbaum 2,Berlin,"Sonnenallee 86, 12045 Berlin",,,,1,overpass_osm,,
bfdab108989e1a80,Bierbaum 3,Berlin,"Schillerpromenade 31, 12049 Berlin",https://www.bierbaum3.de/,,,1,overpass_osm,,
76d7489816574f7e,Bierhaus Urban,Berlin,"Urbanstraße 126, 10967 Berlin",https://www.bierhausurban.de/,,,1,overpass_osm,,
949cdef98325333c,Bierkiste 136,Berlin,"Marienfelder Allee 136, 12277 Berlin",,,,1,overpass_osm,,
4cfb00bfc4d7694b,Bierpause,Berlin,"Willibald-Alexis-Straße 31, 10965 Berlin",,,,1,overpass_osm,,
c0d821865d052595,Bierstube Freiaplatz,Berlin,"Rüdigerstraße 43, 10365 Berlin",,,,1,overpass_osm,,
b515e947a575818e,Biertreff,Berlin,"Prinzenallee 2, 13357 Berlin",,,,1,overpass_osm,,
f792862efff8cd93,Billard Company Salon Treptow,Berlin,"Bouchéstraße 12, 12435 Berlin",http://www.billard-company.de/,,,1,overpass_osm,,
9b909896fa1626bb,Billardsalon Köh,Berlin,"Sophienstraße 6, 10178 Berlin",http://www.billardkoeh.de,,,1,overpass_osm,,
c8a51ed453a3f41e,Birgit's Pub,Berlin,"Fritschestraße 29, 10585 Berlin",http://www.birgits-pub.de,,,1,overpass_osm,,
88956d22c187c55e,Birkeneck,Berlin,"Charlottenbrunner Straße 12, 14193 Berlin",,,,1,overpass_osm,,
e24319701e0a5fbf,Bistro Melody,Berlin,"Goebelstraße 113, 13627 Berlin",http://bistromelody.blogspot.com/,,,1,overpass_osm,,
288c434ed60edc34,Bistro Nord,Berlin,"Schönwalder Straße 30, 13347 Berlin",,,,1,overpass_osm,,
b009468c9b52a598,Blaumilchkanal,Berlin,"Schivelbeiner Straße 23, 10439 Berlin",https://www.blaumilchkanal.com/,,,1,overpass_osm,,
6279e18111fe7d68,Blechbilderbar,Berlin,"Simon-Dach-Straße 35, 10245 Berlin",,,,1,overpass_osm,,
eeb75491701b7900,Bornholmer Hütte,Berlin,"Bornholmer Straße 89, 10439 Berlin",,,,1,overpass_osm,,
0e6a0ceff26bb9dc,Britzer Klatsche,Berlin,"Britzer Damm 9, 12347 Berlin",,,,1,overpass_osm,,
02450b719b6280fe,BrotfabrikKneipe,Berlin,"1, 13086 Berlin",https://www.brotfabrik-berlin.de/kneipe-in-der-brotfabrik/,,,1,overpass_osm,,
5baaca792c647395,Bräugier,Berlin,"Stubbenkammerstraße 6, 10437 Berlin",https://www.braeugier.de/,,,1,overpass_osm,,
ee0d2b257db1d8d7,By Cengiz,Berlin,"Karl-Marx-Straße 210, 12055 Berlin",,,,1,overpass_osm,,
333c3585b9f8a37c,Bären-Eck,Berlin,"Auguste-Viktoria-Allee 84, 13403 Berlin",,,,1,overpass_osm,,
fc89ac0422b62096,Bäreneck,Berlin,"Hermannstraße 37, 12049 Berlin",,,,1,overpass_osm,,
a738de94300ea9d2,Bärenklause,Berlin,"Kirchhainer Damm 10, 12309 Berlin",,,,1,overpass_osm,,
03994448293fd5d2,Böse Buben Bar,Berlin,"Marienstraße 18, 10117 Berlin",http://www.boesebubenbar.de,,,1,overpass_osm,,
322f84b7735b46bc,Capital Beach,Berlin,"Ludwig-Erhard-Ufer, 10557 Berlin",,,,1,overpass_osm,,
a141ab084d0e8ffe,Caspar,Berlin,"Greifswalder Straße 167, 10409 Berlin",,,,1,overpass_osm,,
38145c452be93e18,Celo Privat Bar,Berlin,"Ohlauer Straße 37, 10999 Berlin",,,,1,overpass_osm,,
70dc97b8083ea6dc,Celtic Cottage Irish Pub,Berlin,"Markelstraße 13, 12163 Berlin",https://www.celtic-cottage.de,,,1,overpass_osm,,
97a26169fe9b6d08,Charlotte,Berlin,"Charlottenstraße 14a, 13597 Berlin",http://www.cbb-charlotte.de,,,1,overpass_osm,,
63535fc3e1092a4f,Chicko,Berlin,,,,,1,overpass_osm,,
5feebba39172d6fb,Chila X,Berlin,,,,,1,overpass_osm,,
a23d4c0cc0558f7c,ChillOut Bar,Berlin,"General-Barby-Straße 25, 13403 Berlin",http://www.chillout-berlin.de/,,,1,overpass_osm,,
f0ae60a52296a084,Clash,Berlin,"Gneisenaustraße 2, 10961 Berlin",https://clash-berlin.de/,,,1,overpass_osm,,
e34cf44a207ec8c3,Club der polnischen Versager,Berlin,"Ackerstraße 168, 10115 Berlin",http://www.polnischeversager.de/,,,1,overpass_osm,,
ffcfefb2eafd1003,Country Cheers,Berlin,"Karl-Marx-Allee 63, 10243 Berlin",,,,1,overpass_osm,,
60d90376297f443c,Crossroads,Berlin,"Gneiststraße 10, 10437 Berlin",https://crossroadsbarberlin.wordpress.com/,,,1,overpass_osm,,
cb592ba811484563,Dachkammer,Berlin,"Simon-Dach-Straße 39, 10245 Berlin",http://www.dachkammer.com/,,,1,overpass_osm,,
1a5677fe7cb7dd84,Daffke,Berlin,"Herrfurthplatz 7, 12049 Berlin",,,,1,overpass_osm,,
6cbb4326f73b8c9b,Das Bierlokal zum Umsteiger,Berlin,"Hermannstraße 159, 12051 Berlin",https://zumumsteiger.metro.bar,,,1,overpass_osm,,
c961f9fa33d3bb12,Deck 5,Berlin,Greifenhagener Straße 47,http://www.freiluftrebellen.de/en/,,,1,overpass_osm,,
956a739db80eaa8b,Degendorff,Berlin,"Petersburger Straße 74a, 10249 Berlin",http://www.degendorff.com,,,1,overpass_osm,,
3c791f0325211e47,Deichgraf,Berlin,"Nordufer 10, 13353 Berlin",https://gaststaette-deichgraf.de/,,,1,overpass_osm,,
8309f5dd9cf567a2,Der Weinlobbyist,Berlin,"Kolonnenstraße 62, 10827 Berlin",https://www.derweinlobbyist.de/,,,1,overpass_osm,,
31896078f56b0304,Derby Klause,Berlin,"Robert-von-Ostertag-Straße 30, 14163 Berlin",https://www.derbyklause.de/,,,1,overpass_osm,,
ad5da1760caf5073,Dicke Wirtin,Berlin,"Carmerstraße 9, 10623 Berlin",http://www.dicke-wirtin.de/,,,1,overpass_osm,,
3d3f566c63e4ba39,Die Bar,Berlin,"Greifenhagener Straße 54, 10437 Berlin",http://die-bar-berlins.de/,,,1,overpass_osm,,
1e4fdf2e2c537878,Die Berliner Republik,Berlin,"Schiffbauerdamm 8, 10117 Berlin",https://www.die-berliner-republik.de/,,,1,overpass_osm,,
9935bfd4334a5432,Die Wampe,Berlin,,,,,1,overpass_osm,,
97748815ce2fc53a,Dietrich,Berlin,"Reichenberger Straße 103, 10999 Berlin",,,,1,overpass_osm,,
84c275d21882e8da,Dirty Velvet Drinkery,Berlin,"Lychener Straße 39, 10437 Berlin",http://www.dirtyvelvetberlin.com/,,,1,overpass_osm,,
d9bd65539293e82e,Dorfkrug,Berlin,"Otisstraße 40, 13403 Berlin",https://carolas-dorfkrug.beepworld.de,,,1,overpass_osm,,
304341f2dd812279,Drittes Ohr,Berlin,"Matternstraße 14, 10249 Berlin",https://www.drittes-ohr.eu/,,,1,overpass_osm,,
8a4a3d44014ad750,Duckys,Berlin,"Mariendorfer Damm 112, 12109 Berlin",,,,1,overpass_osm,,
f7040fd79421e7c4,EL FUEGO BAR,Berlin,,,,,1,overpass_osm,,
fd4558182fff0019,Eberty Treff,Berlin,"Ebertystraße 50, 10249 Berlin",,,,1,overpass_osm,,
c65ebba9f772c219,Eck-Kneipe,Berlin,,,,,1,overpass_osm,,
dbc3884c0c54a446,Edisoneck,Berlin,"Edisonstraße 37, 12459 Berlin",,,,1,overpass_osm,,
986558532eb19af4,Eichborneck,Berlin,",  Berlin",,,,1,overpass_osm,,
1328ef6fcbce6ba7,Eiskristall,Berlin,,,,,1,overpass_osm,,
c5124af55b7b3118,Else,Berlin,"Kiefholzstraße 33, 12435 Berlin",,,,1,overpass_osm,,
fcbdf3b0f92ac215,Enddorn,Berlin,"Belforter Straße 27, 10405 Berlin",,,,1,overpass_osm,,
ab6a51f22ebc7172,Eschschloraque Rümschrümp,Berlin,"Rosenthaler Straße 39, 10178 Berlin",http://www.eschschloraque.de/,,,1,overpass_osm,,
49c497ae6c59b837,Escobar,Berlin,,,,,1,overpass_osm,,
36d186294320faa5,Evi's Hansa-Treff,Berlin,"Hansastraße 196, 13088 Berlin",,,,1,overpass_osm,,
f49adb3cad43a51b,Exclusive Coffee,Berlin,Zwinglistraße 27,http://www.exclusive-coffee.de,,,1,overpass_osm,,
12be10b3a9f5d55e,FC Magnet Bar,Berlin,"Veteranenstraße 26, 10119 Berlin",,,,1,overpass_osm,,
55419321b5413381,Falken-Eck,Berlin,,,,,1,overpass_osm,,
aae38a8c1d834f56,Feuermelder,Berlin,"Krossener Straße 24, 10245 Berlin",,,,1,overpass_osm,,
3fd041b97a4e2916,Fischladen,Berlin,"Rigaer Straße 83, 10247 Berlin",,,,1,overpass_osm,,
41479a138dac2a41,Frannz Club,Berlin,"Schönhauser Allee 36, 10435 Berlin",http://www.frannz.de/,,,1,overpass_osm,,
2c050fcb87a32198,Frau Luna,Berlin,"Paul-Lincke-Ufer 44, 10999 Berlin",https://frauluna-berlin.de/,,,1,overpass_osm,,
374da7a39bd7e602,Freibeuter,Berlin,"Silvio-Meier-Straße 10, 10247 Berlin",,,,1,overpass_osm,,
bf7e978e01295405,Freya Fuchs,Berlin,"Tegeler Straße 34, 13353 Berlin",,,,1,overpass_osm,,
0945d4ee6e4fda13,"Froschkönig, Literatur- & Pianobar",Berlin,"Weisestraße 17, 12049 Berlin",,,,1,overpass_osm,,
edc7ffd23db57fee,Fuchsbau,Berlin,"Planufer 96, 10967 Berlin",https://fuchsbaukreuzberg.de/,,,1,overpass_osm,,
4cc1dd8bd66424fa,Gaststätte Astra,Berlin,"Königsheideweg 280, 12487 Berlin",,,,1,overpass_osm,,
a835e7eaec306c07,Gebauers Tagesbar,Berlin,"Auguste-Viktoria-Straße 55a, 14199 Berlin",,,,1,overpass_osm,,
a7b2e59928b49ec4,General Post Office,Berlin,"Zimmermannstraße 22, 12163 Berlin",https://www.gpo.berlin,,,1,overpass_osm,,
c9cc7be91e8c5cde,Geronimo,Berlin,,,,,1,overpass_osm,,
f74081d395a5785b,Glühlampe,Berlin,"Lehmbruckstraße 1, 10245 Berlin",,,,1,overpass_osm,,
b9c9ff76dc74c85e,Golden Hour Bar,Berlin,"Samariterstraße 17, 10247 Berlin",http://vulcano-bar.de/index.html,,,1,overpass_osm,,
bef441b4ad2f5085,Goldesel,Berlin,"Seelingstraße 7, 14059 Berlin",http://www.goldesel-berlin.de/,,,1,overpass_osm,,
ed03901af1db8172,Gottlob,Berlin,"Akazienstraße 17, 10823 Berlin",https://www.gottlob-berlin.de/,,,1,overpass_osm,,
f844e81d17202e18,Grenzeck,Berlin,,,,,1,overpass_osm,,
4db91abdc9e63ccc,Grenzeck,Berlin,"Neue Hochstraße 10, 13347 Berlin",,,,1,overpass_osm,,
d433bc148dae7588,Grigri,Berlin,"Paul-Lincke-Ufer 11, 10999 Berlin",http://www.cafe-grigri.de,,,1,overpass_osm,,
4063d900147e6e65,Gute Laune,Berlin,"Kiefholzstraße 35, 12435 Berlin",,,,1,overpass_osm,,
5a69e3587f2821ce,Guter Wille,Berlin,"Rosenallee 1, 12347 Berlin",,,,1,overpass_osm,,
e8eac0d448d7dbc2,Habel,Berlin,"Hohenzollerndamm 93, 14199 Berlin",,,,1,overpass_osm,,
993899bc0caeffcf,Hansa Stuben,Berlin,"Treskowstraße 21, 13507 Berlin",,,,1,overpass_osm,,
994c6703a334585e,Haus Bierwerk,Berlin,"Amendestraße 18, 13409 Berlin",,,,1,overpass_osm,,
e809cee045c027e5,Hausbar,Berlin,"Rykestraße 54, 10405 Berlin",,,,1,overpass_osm,,
4f9d211647d6e79b,Havanna Bar,Berlin,"Treskowallee 111, 10318 Berlin",https://www.havannabar-berlin.de/,,,1,overpass_osm,,
c179bddf4a15e791,Heinzelmännchen,Berlin,"Giselastraße 4, 10317 Berlin",,,,1,overpass_osm,,
010948bfe0c5c39d,Henry's Bar,Berlin,"Leonorenstraße 22, 12247 Berlin",,,,1,overpass_osm,,
d04a74f0a7614af2,Himmelreich,Berlin,"Simon-Dach-Straße 36, 10245 Berlin",https://www.himmelreich-berlin.de,,,1,overpass_osm,,
9dff068d18828192,Holland Mühle,Berlin,"Steglitzer Damm 40, 12169 Berlin",,,,1,overpass_osm,,
31d651b320a9bdd3,Holzwurm,Berlin,"Waldstraße 6, 10551 Berlin",,,,1,overpass_osm,,
0d554cacaed7fe4b,Hook Bar,Berlin,Pankstraße 15,,,,1,overpass_osm,,
a357e5e6bb93701a,Hopfenreich,Berlin,"Sorauer Straße 31, 10997 Berlin",http://hopfenreich.de,,,1,overpass_osm,,
9d5eac3d2cf209d7,Huttenklause,Berlin,"Huttenstraße 23, 10553 Berlin",,,,1,overpass_osm,,
1d4dcd0e1aba8733,Höschen,Berlin,"Dunckerstraße 9, 10437 Berlin",,,,1,overpass_osm,,
8d7f3d6cd732db35,"Ick koof mir Dave Lombardo, wenn ick reich bin",Berlin,"Zionskirchstraße 34, 10119 Berlin",,,,1,overpass_osm,,
7a61e280febc6fe7,Immertreu,Berlin,"Christburger Straße 6, 10405 Berlin",http://www.bar-immertreu.de/,,,1,overpass_osm,,
a92e71fbd0cc7b56,Joker,Berlin,"Sprengelstraße 25, 13353 Berlin",,,,1,overpass_osm,,
e0ef600c42da7ecc,K1 Bar,Berlin,,,,,1,overpass_osm,,
df1b4012c42d4474,K9,Berlin,"Kinzigstraße 9, 10247 Berlin",http://www.kinzig9.de,,,1,overpass_osm,,
24fff0a6f7f412d4,Kaduka,Berlin,"Weserstraße 207, 12047 Berlin",,,,1,overpass_osm,,
c2ab00610ee7792b,Kaktus reloaded,Berlin,"Sonnenallee 180, 12059 Berlin",,,,1,overpass_osm,,
1f5331beb0ff0a57,Kalli & Co,Berlin,"Oberlandstraße 4, 12099 Berlin",,,,1,overpass_osm,,
74c6f1addce69c2d,Kapitalist,Berlin,"Oderberger Straße 2, 10435 Berlin",,,,1,overpass_osm,,
1d9fb1af2b43e90e,Kaputter Heinrich,Berlin,"Rathenower Straße 49, 10559 Berlin",,,,1,overpass_osm,,
5e3c837a72db8422,Kaulsdorfer Stube,Berlin,"Heinrich-Grüber-Straße 2, 12621 Berlin",,,,1,overpass_osm,,
612bdcd668602097,Keglerheim,Berlin,"Mareschstraße 6, 12055 Berlin",,,,1,overpass_osm,,
e8c6f64be53589b4,Keyif,Berlin,,,,,1,overpass_osm,,
30f6cc0bf2e2c734,KiKi,Berlin,"Müllerstraße 113, 13349 Berlin",,,,1,overpass_osm,,
a9c264b998baa68a,Kilkenny,Berlin,"Am Zwirngraben 17-20, 10178 Berlin",http://www.kilkenny-pub.de/,,,1,overpass_osm,,
4a2b80946af34be7,Kleinod,Berlin,"Niemetzstraße 24, 12055 Berlin",,,,1,overpass_osm,,
03e9cfd718174a35,KlubHaus14,Berlin,"Wasgenstraße 75, 14129 Berlin",https://haus14.com/,,,1,overpass_osm,,
35159df99b234ca9,Kohlenquelle,Berlin,"Kopenhagener Straße 16, 10437 Berlin",,,,1,overpass_osm,,
aee289df5ee03ab2,Kornkammer,Berlin,"Raoul-Wallenberg-Straße 42, 12679 Berlin",,,,1,overpass_osm,,
c03c110b23da2641,Krass böser Wolf,Berlin,"Markgrafendamm 36, 10245 Berlin",,,,1,overpass_osm,,
8e2636a4f99bca6d,Krüger,Berlin,"Lychener Straße 26, 10437 Berlin",http://krueger-in-berlin.de/,,,1,overpass_osm,,
144e934321133bb4,Krüger Eck,Berlin,"Weserstraße 12, 10247 Berlin",http://www.krueger-eck.de/,,,1,overpass_osm,,
008a7d0b864749f7,L.U.X,Berlin,"Schlesische Straße 41, 10997 Berlin",http://www.lux-berlin.net/,,,1,overpass_osm,,
76a8f1c07e098934,La Vida Bar,Berlin,"Sonnenallee 218, 12059 Berlin",,,,1,overpass_osm,,
e119df5ffca75b87,Laalia,Berlin,,,,,1,overpass_osm,,
b6f5023bf6d5270a,Lahn-Eck,Berlin,"Karl-Marx-Straße 241, 12057 Berlin",,,,1,overpass_osm,,
29228378bed45100,Lass uns Freunde bleiben,Berlin,"Choriner Straße 12, 10119 Berlin",http://www.ruf-mich-nie-wieder-an.de/cafe.html,,,1,overpass_osm,,
8e993474f3d2c9c7,Lauschangriff,Berlin,,,,,1,overpass_osm,,
d9850bad92d46e17,Le Balto,Berlin,"Hobrechtstraße 28, 12047 Berlin",,,,1,overpass_osm,,
72b9eae708f896a4,Le Bar Tabac,Berlin,"Christinenstraße 24, 10119 Berlin",,,,1,overpass_osm,,
9e5aeb8d3d98c9c2,Lenau-Stuben,Berlin,"Hobrechtstraße 62, 12047 Berlin",,,,1,overpass_osm,,
698b9005749314f7,Liberda,Berlin,,,,,1,overpass_osm,,
bdbdd90c89c2ba27,Libero,Berlin,"Karl-Lade-Straße 30, 10369 Berlin",,,,1,overpass_osm,,
4c50b4a9635586b8,Linus,Berlin,"Hertzbergstraße 32, 12055 Berlin",https://www.cafelinus.de/,,,1,overpass_osm,,
f1dac93cb11b47ff,Lolly-Pub,Berlin,"Bänschstraße 54, 10247 Berlin",,,,1,overpass_osm,,
85061d52fec0dd50,Lost my voice,Berlin,"Rosenthaler Straße 1, 10119 Berlin",,,,1,overpass_osm,,
03636237f2858ac4,Luna,Berlin,"Cauerstraße 15, 10587 Berlin",,,,1,overpass_osm,,
9f41243e618b9088,Mad Monkey Room,Berlin,"Danziger Straße 1, 10435 Berlin",https://www.mad-monkey.de/,,,1,overpass_osm,,
564b2abe13307e95,Madonna Bar,Berlin,"Wiener Straße 22, 10999 Berlin",https://www.madonnabar.de,,,1,overpass_osm,,
ef958ba6c7c7b6b2,Mahlower Klause,Berlin,"Weisestraße 63, 12049 Berlin",,,,1,overpass_osm,,
8746e1cecd8c3f44,Manico,Berlin,"Breite Straße 1, 14199 Berlin",,,,1,overpass_osm,,
579ee9653bf5e736,Manifest Taproom,Berlin,"Oderberger Straße 15, 10435 Berlin",https://manifesttaproom.de/,,,1,overpass_osm,,
78872f77b33e0238,Marabu Bar,Berlin,"Oppelner Straße 23, 10997 Berlin",http://www.marabu-bar.de/,,,1,overpass_osm,,
7f2b8ceeb7c122c7,Marktbörse,Berlin,"Bruno-Bauer-Straße 2, 12051 Berlin",,,,1,overpass_osm,,
3e36118ab47d80c0,Mega,Berlin,"Gerichtstraße 57, 13347 Berlin",,,,1,overpass_osm,,
2df2c2a890828e6b,Mega 3,Berlin,"Wiesenstraße 18, 13357 Berlin",,,,1,overpass_osm,,
bcbe44cb564562cd,Mein Haus am See,Berlin,"Torstraße 125, 10119 Berlin",https://www.mein-haus-am-see.club/,,,1,overpass_osm,,
99f8cfcf58f69c4b,Meiner's,Berlin,"Ollenhauerstraße 70, 13403 Berlin",,,,1,overpass_osm,,
81f8182f184b9f2c,Milchbar,Berlin,"Audre-Lorde-Straße 76, 10997 Berlin",,,,1,overpass_osm,,
d8b351c9bb5c4a79,Mistral,Berlin,"Müllerstraße 90, 13349 Berlin",,,,1,overpass_osm,,
21da311bad81b729,Miz Mit Kahvesi,Berlin,,,,,1,overpass_osm,,
a6fac0adf4f3b575,Mon Ami,Berlin,"Föhrer Straße 7, 13353 Berlin",,,,1,overpass_osm,,
1102be8fb85d5e53,Monster Ronson's Ichiban Karaoke,Berlin,"Warschauer Straße 34, 10243 Berlin",http://www.karaokemonster.de/,,,1,overpass_osm,,
b3cd2bf1f47d2785,Muschi Obermaier,Berlin,"Torstraße 151, 10119 Berlin",http://www.muschiobermaier.de/,,,1,overpass_osm,,
9c9cdf84b9873796,Mutter,Berlin,"Hohenstaufenstraße 4, 10781 Berlin",,,,1,overpass_osm,,
4e427d292c61e2e7,Märkische Bierstuben,Berlin,"Oranienburger Straße 91, 13437 Berlin",,,,1,overpass_osm,,
b3f4744bf326026b,Möbel Olfe,Berlin,"Reichenberger Straße 177, 10999 Berlin",https://www.moebel-olfe.de/,,,1,overpass_osm,,
015d9aa271fa6ba7,Neue Zukunft Ostkreuz,Berlin,"Alt-Stralau 68, 10245 Berlin",https://neue-zukunft.org/,,,1,overpass_osm,,
317900759d7fc968,Neuro Bar Adlershof,Berlin,"Rudower Chaussee 14, 12489 Berlin",https://www.airporthotel-berlin-adlershof.de/neuro-bar/,,,1,overpass_osm,,
1bed6f6a7aae8610,Newton Bar,Berlin,"Charlottenstraße 57, 10117 Berlin",https://www.newton-bar.de/,,,1,overpass_osm,,
21d5c631bb7f1ed7,No Limit Shishabar,Berlin,,,,,1,overpass_osm,,
3b6eb89278b12c65,Nova,Berlin,"Urbanstraße 30, 10967 Berlin",,,,1,overpass_osm,,
729d16b71fbfc21b,Oase Deluxe,Berlin,"Karl-Liebknecht-Straße 11, 10178 Berlin",http://oasecocktail-berlin.de/,,,1,overpass_osm,,
01693afb2e392a6d,Old Sloth,Berlin,"Auguste-Viktoria-Allee 67a, 13403 Berlin",,,,1,overpass_osm,,
ee9c47f8cf5a125d,Ooh-ase,Berlin,,https://www.spandauerbierbar.de/,,,1,overpass_osm,,
195785d688367503,Paka Club,Berlin,"Reinickendorfer Straße 111, 13347 Berlin",,,,1,overpass_osm,,
2d7f12e9bad51902,Palm Beach,Berlin,,http://www.palm-beach-berlin.de,,,1,overpass_osm,,
676dfce7b01a661d,Palm Lounge,Berlin,"Britzer Damm 144, 12347 Berlin",,,,1,overpass_osm,,
2280c4588bde3437,Palme,Berlin,"Archibaldweg 25, 10317 Berlin",,,,1,overpass_osm,,
f9ed540af79928b1,Panenka,Berlin,"Weichselstraße 27, 10247 Berlin",,,,1,overpass_osm,,
e28ce21e645b9977,Paule's Metal Eck,Berlin,"Krossener Straße 15, 10245 Berlin",https://www.paules-metal-eck.de,,,1,overpass_osm,,
471e5783abf23eba,Perlin,Berlin,"Griebenowstraße 5, 10435 Berlin",https://www.weinerei.com/#!/location-perlin,,,1,overpass_osm,,
62afc01de864fb29,Pfeffereule,Berlin,"Manfred-von-Richthofen-Straße 158, 12101 Berlin",,,,1,overpass_osm,,
c8489009216b361c,Pk Bar,Berlin,"Kreutzigerstraße 22, 10247 Berlin",,,,1,overpass_osm,,
2a28162ad02f0634,Polski Bar,Berlin,"Mainzer Straße 46, 12053 Berlin",,,,1,overpass_osm,,
4ae1abde86cebcc5,Pony-Saloon,Berlin,"Dieffenbachstraße 36, 10967 Berlin",,,,1,overpass_osm,,
57e02fc63e2695dc,Posh Bar,Berlin,"Voxstraße 4, 10785 Berlin",http://www.posh-bar.com,,,1,overpass_osm,,
9a4b9f5ad7ec5a0b,Potter's Inn,Berlin,"Waldstraße 103, 13403 Berlin",,,,1,overpass_osm,,
cef94d7f5f8b072c,Prassnik,Berlin,"Torstraße 65, 10119 Berlin",http://www.mangelwirtschaft.de/,,,1,overpass_osm,,
46f5e802ab348bb8,Prinzen-Eck,Berlin,"Wassertorstraße 59, 10969 Berlin",,,,1,overpass_osm,,
ece25f472642359f,Quasimodo,Berlin,"Kantstraße 12A, 10623 Berlin",https://quasimodo.bar/de/,,,1,overpass_osm,,
c55312fc96115921,Queen's Pub,Berlin,"Hauptstraße 50, 10827 Berlin",,,,1,overpass_osm,,
49fbc0dd4c2fe1dd,Ratzeputz,Berlin,"Weserstraße 182, 12045 Berlin",,,,1,overpass_osm,,
6fa75bcc4d9a2d45,Ringbar,Berlin,,https://www.ringbarberlin.de/,,,1,overpass_osm,,
a6324c3134b7d487,Rixdorfer,Berlin,"Erkstraße 14, 12043 Berlin",http://www.rixdorfer-bierstuben.de,,,1,overpass_osm,,
03dc5fd7c93cd6e1,Robbys Calypso Bar,Berlin,"Crellestraße 22, 10827 Berlin",,,,1,overpass_osm,,
d87038d3c924c654,Roderich,Berlin,,,,,1,overpass_osm,,
ae3c3eae8388d58d,Roter Rabe,Berlin,"Kottbusser Straße 13, 10999 Berlin",https://www.roter-rabe.berlin/,,,1,overpass_osm,,
7c02adbcc3067aab,Rothenburg-Eck,Berlin,"Rothenburgstraße 42, 12163 Berlin",,,,1,overpass_osm,,
005205c4a0fe0daa,Rudower Quelle,Berlin,,,,,1,overpass_osm,,
909eeaabe35cd401,Runde Ecke,Berlin,"Britzer Damm 83, 12347 Berlin",,,,1,overpass_osm,,
0a035dfc73abfa74,SECO Kiezkneipe,Berlin,"Schöneicher Straße 18, 13055 Berlin",,,,1,overpass_osm,,
136f9c6d016a8aed,Salamas Bar,Berlin,"Niederbarnimstraße 24, 10247 Berlin",http://www.salamas-bar.de,,,1,overpass_osm,,
df525fb654a4df7b,Salon Babette,Berlin,"Karl-Marx-Allee 36, 10178 Berlin",https://www.cafemoskau.com/salon-babette,,,1,overpass_osm,,
6361ab72d8198449,Sandmann,Berlin,"Reuterstraße 7, 12053 Berlin",,,,1,overpass_osm,,
3c9b0726ab573dd2,Saz Bar,Berlin,"Adalbertstraße 95a, 10999 Berlin",http://www.sazbar-berlin.de/,,,1,overpass_osm,,
0b2063a797ed0dd0,Schanki O Tannenbaum,Berlin,"Weserstraße 19-20, 12045 Berlin",,,,1,overpass_osm,,
6e0f506bcf5e8708,Schlesisch Blau,Berlin,Köpenicker Straße 1a,,,,1,overpass_osm,,
24d5a3fe6c6d289e,Schloss Neuschweinsteiger,Berlin,"Emser Straße 122, 12051 Berlin",https://www.schloss-neuschweinsteiger.de/,,,1,overpass_osm,,
3e8bf4d0a9ac6958,Schmitz Katze,Berlin,"Oranienstraße 163, 10969 Berlin",,,,1,overpass_osm,,
d8774104b0b0d3d7,Schokoladen,Berlin,"Ackerstraße 169, 10115 Berlin",https://schokoladen-mitte.de/,,,1,overpass_osm,,
eb309f498e8ef82b,Schrösel’s,Berlin,"Köpenicker Straße 171, 12355 Berlin",,,,1,overpass_osm,,
ce1563ea3a4b9541,Schwarz Sauer,Berlin,"Kastanienallee 13-14, 10435 Berlin",,,,1,overpass_osm,,
8378e9602ce996e9,Schwarze Pumpe,Berlin,"Choriner Straße 76, 10119 Berlin",http://www.schwarzepumpe-berlin.de/,,,1,overpass_osm,,
32667d3bbd5802da,Seequell,Berlin,,,,,1,overpass_osm,,
b79117c04a20ec70,Sepp Maiers 2raumwohnung,Berlin,"Langhansstraße 19, 13086 Berlin",http://www.seppmaiers2raumwohnung.de,,,1,overpass_osm,,
99d08446b832f758,Sieben,Berlin,"Sonntagstraße 7, 10245 Berlin",,,,1,overpass_osm,,
4e0db7c04a993a0e,Silverfuture,Berlin,"Weserstraße 206, 12047 Berlin",https://www.silverfuture.net/,,,1,overpass_osm,,
1c4e87a88c405009,Sisyfass,Berlin,"Wildenbruchstraße 7, 12045 Berlin",,,,1,overpass_osm,,
250947fbd98fea8d,Slumberland,Berlin,"Goltzstraße 24, 10781 Berlin",,,,1,overpass_osm,,
70eb6573c6b61992,Society,Berlin,"Stendaler Straße 25, 12627 Berlin",,,,1,overpass_osm,,
ba60822925cb18d4,Sohnemann,Berlin,"Niederbarnimstraße 23, 10247 Berlin",https://sohnemann-bar.de/,,,1,overpass_osm,,
188b36c28d89d449,Sophieneck,Berlin,"Große Hamburger Straße 37, 10115 Berlin",https://www.sophieneck-berlin.de,,,1,overpass_osm,,
cca8d40a0c73ba8f,Soulcat,Berlin,"Pannierstraße 53, 12047 Berlin",http://soulcat-berlin.com/,,,1,overpass_osm,,
2b63eca69d0b0852,Souterrain 29,Berlin,"Waldowstraße 29, 13156 Berlin",https://souterrain-29.de/,,,1,overpass_osm,,
87f021615067c75d,Spandauer Altstadttreff,Berlin,"Breite Straße 12, 13597 Berlin",,,,1,overpass_osm,,
3b6617d385762f07,Spandauer Bock,Berlin,,,,,1,overpass_osm,,
80d0bcc82039ccb2,Speiche's Rock- und Blueskneipe,Berlin,"Raumerstraße 39, 10437 Berlin",,,,1,overpass_osm,,
cbb64dd061770758,Sportler-Eck,Berlin,"Ernststraße 68, 13509 Berlin",,,,1,overpass_osm,,
89ff47bffcde1e2c,Sportsbar Heinrich's,Berlin,"Bismarckstraße 67, 12157 Berlin",http://www.sportsbar-heinrichs.de/,,,1,overpass_osm,,
b920e113aeb09e2f,Stadtklause,Berlin,"Stresemannstraße 37, 10963 Berlin",https://stadtklause.wordpress.com/,,,1,overpass_osm,,
d844d80b607fd5e4,Stadtlaterne,Berlin,"Tauroggener Straße 46, 10589 Berlin",http://radlstation-berlin.de/,,,1,overpass_osm,,
ca097d77a4d8d561,Stadtteilladen Zielona Góra,Berlin,"Grünberger Straße 73, 10245 Berlin",,,,1,overpass_osm,,
bd048813e7db1c3e,Station Ringbahn,Berlin,"Ringbahnstraße 4, 10711 Berlin",,,,1,overpass_osm,,
aaae8ecf25a59dfe,Studentenclub Schlauch,Berlin,"Storkower Straße 225, 10367 Berlin",,,,1,overpass_osm,,
db5adfae1c1ca284,Style,Berlin,"Straße der Pariser Kommune 11, 10243 Berlin",,,,1,overpass_osm,,
ed36f07e6ab4a45c,Supamolly,Berlin,"Jessnerstraße 41, 10247 Berlin",http://www.supamolly.de,,,1,overpass_osm,,
3bb78d953de763c0,Sux,Berlin,"Weserstraße 55, 12045 Berlin",,,,1,overpass_osm,,
4d415ae8c4ff86a2,Syndikat,Berlin,"Emser Straße 131, 12051 Berlin",https://syndikatbleibt.noblogs.org/,,,1,overpass_osm,,
0dd6d3e02cc575ee,Süß war gestern,Berlin,"Wühlischstraße 43, 10245 Berlin",,,,1,overpass_osm,,
073e8198a61cfb71,Take Off,Berlin,"Konrad-Wolf-Straße 103, 13055 Berlin",,,,1,overpass_osm,,
e1a6483a84452010,Tante Grete,Berlin,Stargarder Straße 10,,,,1,overpass_osm,,
2613eb30fc9abd20,Tante Lisbeth,Berlin,"Muskauer Straße 49, 10997 Berlin",https://www.pyonen.de/tantelisbeth/,,,1,overpass_osm,,
9ffdc880f7728101,The Double Inn,Berlin,"Wilhelminenhofstraße 89, 12459 Berlin",http://www.drink-irish.de,,,1,overpass_osm,,
48318bd804179eb1,The Lir,Berlin,"Flensburger Straße 7, 10557 Berlin",https://www.thelir.de/,,,1,overpass_osm,,
36dd5184405e57e5,The Nautilus Lounge,Berlin,"Karl-Marx-Straße 258, 12057 Berlin",,,,1,overpass_osm,,
453aa63219e296ab,Tiger Karaoke,Berlin,Müllerstraße 6,,,,1,overpass_osm,,
1d8509b68d8dc073,Tipperary Berlin,Berlin,"Triftstraße 58, 13353 Berlin",,,,1,overpass_osm,,
46948de8c6d8ded0,Tipsy Bear,Berlin,"Eberswalder Straße 21, 10437 Berlin",https://www.tipsybearberlin.com/,,,1,overpass_osm,,
f98c493ad5a1e092,Tonart,Berlin,"Sonntagstraße 7, 10245 Berlin",,,,1,overpass_osm,,
187d6840ad4e3b71,Treffer Bar,Berlin,"Weitlingstraße 76, 10317 Berlin",,,,1,overpass_osm,,
ca24dc14c2cebac7,Trespassers,Berlin,"Fehrbelliner Straße 94, 10119 Berlin",,,,1,overpass_osm,,
4a66107db61c1513,Trinkteufel,Berlin,"Adalbertstraße 18, 10997 Berlin",,,,1,overpass_osm,,
4f946d48364eae9f,Trixie Bar,Berlin,"Stargarder Straße 13, 10437 Berlin",,,,1,overpass_osm,,
5f77820a1efcd66d,"Trude, Ruth und Goldammer",Berlin,"Flughafenstraße 38, 12053 Berlin",https://www.ruthgoldammer.de/,,,1,overpass_osm,,
c709eeaef90a2f86,Trödler,Berlin,"Dresdener Straße 123, 10999 Berlin",,,,1,overpass_osm,,
6b08efca61d1fea6,U-Bahn-Quelle,Berlin,,,,,1,overpass_osm,,
da5ffdd048bd0f80,Uluru Resort,Berlin,"Rykestraße 17, 10405 Berlin",http://www.uluru-resort.de/,,,1,overpass_osm,,
68c9b58a7c5c2678,Valla Vino,Berlin,"Lychener Straße 3, 10437 Berlin",,,,1,overpass_osm,,
2bf6d8503bc717ae,Vereinsheim Ostelbien II,Berlin,"Koppelweg 56, 12347 Berlin",,,,1,overpass_osm,,
1528f055a009f39b,Vereinsheim Roseneck,Berlin,"Koppelweg 54, 12347 Berlin",,,,1,overpass_osm,,
a5296c6b176c07f4,Vettern Bar,Berlin,"Hobrechtstraße 61, 12047 Berlin",,,,1,overpass_osm,,
208c44fa8ebb12d7,Victoria Stadler,Berlin,"Neue Bahnhofstraße 7B, 10245 Berlin",https://www.bar-victoria-stadler.de/,,,1,overpass_osm,,
eedac532b02140e9,Vincent Piano Bar,Berlin,"Schiffbauerdamm 6, 10117 Berlin",http://vincent-bar.de/hauptseite/,,,1,overpass_osm,,
3d1941a1974c35f4,Wackelkontakt,Berlin,"Hermann-Hesse-Straße 26, 13156 Berlin",,,,1,overpass_osm,,
07a9c6e510e0b211,Walther Bar,Berlin,"Rheinstraße 40, 12161 Berlin",,,,1,overpass_osm,,
c1608ab9e2310e90,Warthe-Eck,Berlin,"Hermannstraße 95, 12051 Berlin",,,,1,overpass_osm,,
c3b2586ede596e09,Wax On,Berlin,"Weserstraße 208, 12047 Berlin",,,,1,overpass_osm,,
3a787b60c80da172,Weinerei Forum,Berlin,"Fehrbelliner Straße 57, 10119 Berlin",http://weinerei.com/forum/,,,1,overpass_osm,,
03e4e5051611e6f4,Weiße Taube,Berlin,"Wiener Straße 15, 10999 Berlin",,,,1,overpass_osm,,
72a7ad0e8a1e6041,Wendel,Berlin,"Schlesische Straße 42,  Berlin",http://www.wendel.nstp.de/,,,1,overpass_osm,,
19be1b19830c2f5c,Westend-Klause,Berlin,"Reichsstraße 80b, 14052 Berlin",https://www.westend-klause.de,,,1,overpass_osm,,
19917598022a6419,Wiener Blut,Berlin,"Wiener Straße 14, 10999 Berlin",https://www.wienerblut.org/,,,1,overpass_osm,,
3bb42cf5f7d7fc0f,Wikinger Eck,Berlin,"Wikingerufer 6a, 10555 Berlin",,,,1,overpass_osm,,
7d2b398ff3703fd5,Wirtshaus Wuppke,Berlin,"Schlüterstraße 21, 10625 Berlin",http://www.wirtshaus-wuppke.de/,,,1,overpass_osm,,
63e59ed0d90581cb,Würgeengel,Berlin,"Dresdener Straße 122, 10999 Berlin",http://www.wuergeengel.de/,,,1,overpass_osm,,
aef90ddc466920c7,X-Bar,Berlin,"Raumerstraße 17, 10437 Berlin",,,,1,overpass_osm,,
caa3119dfdd9cd52,Yard,Berlin,"Rykestraße 8, 10405 Berlin",http://www.yard-musikkneipe.de/,,,1,overpass_osm,,
ece206b84e31ba61,Yolanda,Berlin,"Senefelderstraße 27, 10437 Berlin",,,,1,overpass_osm,,
3fdb1bdf98db6fa0,Ysy,Berlin,,,,,1,overpass_osm,,
a4282292b45957c1,Z-Bar,Berlin,"Bergstraße 2, 10115 Berlin",https://zbarberlin.com,,,1,overpass_osm,,
0cdc8c548f5b67e6,ZGK,Berlin,"Scharnweberstraße 38, 10247 Berlin",http://www.myspace.com/scharni38,,,1,overpass_osm,,
235cc5d359ab8e99,Zacka's Kneipchen,Berlin,"Rummelsburger Straße 78, 10315 Berlin",,,,1,overpass_osm,,
bb4a438821d5c2d2,Zart,Berlin,"Schinkestraße 14, 12047 Berlin",,,,1,overpass_osm,,
30940caccbe13a3a,Zaza,Berlin,"Kastanienallee 12, 10435 Berlin",https://www.zaza-bar.de/,,,1,overpass_osm,,
55a326e8a5263084,Zeitgeist,Berlin,"Gärtnerstraße 15, 10245 Berlin",,,,1,overpass_osm,,
adec3301bd04b8dc,Zimt und Zunder,Berlin,"Dolziger Straße 24, 10247 Berlin",,,,1,overpass_osm,,
4b4acbd07686a630,ZobelKlix,Berlin,"Klixstraße 10, 13403 Berlin",,,,1,overpass_osm,,
f8fb6bd72e115c82,Zoulou Bar,Berlin,"Hauptstraße 4, 10827 Berlin",,,,1,overpass_osm,,
976929110e36c004,Zu mir oder zu dir,Berlin,"Lychener Straße 15, 10437 Berlin",https://www.zumiroderzudir.com/,,,1,overpass_osm,,
94c3b603b39967b9,Zum Alten Krug,Berlin,"Juliusstraße 22, 12051 Berlin",,,,1,overpass_osm,,
67ce8c0833f327d2,Zum Anker,Berlin,"Charlottenburger Ufer 6, 10587 Berlin",,,,1,overpass_osm,,
444c41b584f0948d,Zum Bierseidel,Berlin,"Fritz-Reuter-Allee 182d, 12359 Berlin",http://www.zum-bierseidel.de/,,,1,overpass_osm,,
6356b3369233d8be,Zum Dorfkrug,Berlin,"Röntgenstraße 1, 10587 Berlin",,,,1,overpass_osm,,
00bb159854ec544f,Zum Dortmunder,Berlin,"Breite Straße 35, 14199 Berlin",,,,1,overpass_osm,,
451bbe6d03f623fd,Zum Dortmunder,Berlin,,,,,1,overpass_osm,,
2e84314bb14db5f6,Zum Elefanten,Berlin,"Oranienstraße 12, 10999 Berlin",http://www.zum-elefanten.de,,,1,overpass_osm,,
c71157585f07bbad,Zum Friedrichshainer,Berlin,"Petersburger Straße 44, 10249 Berlin",,,,1,overpass_osm,,
b8e4f48a4ac36a96,Zum Fäßchen,Berlin,"Prenzlauer Promenade 187, 13189 Berlin",,,,1,overpass_osm,,
d07f98d85d646a8c,Zum Gesundbrunner,Berlin,"Rügener Straße 6, 13355 Berlin",,,,1,overpass_osm,,
a1b427221e3c5d72,Zum Goldenen Hahn,Berlin,"Oranienstraße 14a, 10999 Berlin",,,,1,overpass_osm,,
f0facef97da45d22,Zum Igel,Berlin,"Scharnweberstraße 1, 10247 Berlin",,,,1,overpass_osm,,
06ea0fb7ab52a917,Zum Kegel,Berlin,"Grußdorfstraße 1, 13507 Berlin",,,,1,overpass_osm,,
e774dea3247d6cc1,Zum Leibarzt,Berlin,"Cotheniusstraße 11, 10407 Berlin",,,,1,overpass_osm,,
e04b26238d2f4336,Zum Magendoktor,Berlin,"Mareschstraße 19, 12055 Berlin",,,,1,overpass_osm,,
7d46970e806b1576,Zum Schinken,Berlin,"Luxemburger Straße 5, 13353 Berlin",,,,1,overpass_osm,,
cc8f9090753159bd,Zum Tönnchen,Berlin,"Sonnenallee 141, 12059 Berlin",,,,1,overpass_osm,,
e1e9f4cabe8ee2f1,Zum böhmischen Dorf,Berlin,"Sanderstraße 11, 12047 Berlin",http://www.zumböhmischendorf.de/,,,1,overpass_osm,,
3ad137102d76d8d5,Zum guten Happen,Berlin,"Türrschmidtstraße 20, 10317 Berlin",,,,1,overpass_osm,,
b1ff306bc6510ef6,Zur Tulpe,Berlin,"Bundesallee 119, 12161 Berlin",,,,1,overpass_osm,,
5ae315c33d16a6e9,Zur weißen Kastanie,Berlin,"Schloßstraße 22, 14059 Berlin",http://www.kastanie-berlin.de/,,,1,overpass_osm,,
0bca9a0d2c90699a,booze bar berlin,Berlin,"Boxhagener Straße 105, 10245 Berlin",,,,1,overpass_osm,,
222e6991c35f08b0,eleven n lounge,Berlin,"Grünberger Straße 60, 10245 Berlin",https://www.11nlounge.de,,,1,overpass_osm,,
ea50bc01728b32fb,en passant,Berlin,"Schönhauser Allee 58, 10437 Berlin",,,,1,overpass_osm,,
dc1109c9012e1390,erika & hilde,Berlin,Weigandufer 9,,,,1,overpass_osm,,
95a47f6b6c60cb13,etc.,Berlin,"Knaackstraße 12, 10405 Berlin",http://www.etc-bar.de,,,1,overpass_osm,,
0b59dffcdf8d1521,gainsbourg bar américain,Berlin,"Jeanne-Mammen-Bogen 5, 10623 Berlin",http://www.gainsbourg.de/,,,1,overpass_osm,,
7b12ea3be737cb93,loge.,Berlin,"Kinzigstraße 9, 10247 Berlin",https://www.loge-berlin.org/,,,1,overpass_osm,,
952aff91d2b251bd,macke prinz,Berlin,"Zionskirchstraße 39, 10119 Berlin",,,,1,overpass_osm,,
f12ea2417a6cdb4d,meliá tapas,Berlin,Friedrichstraße 103,,,,1,overpass_osm,,
dff5313c1abebec7,mini.mal,Berlin,"Rigaer Straße 31, 10247 Berlin",https://www.birgit.club/minimal,,,1,overpass_osm,,
1196a69dd3f976e1,multilayerladen,Berlin,"Adalbertstraße 4, 10999 Berlin",,,,1,overpass_osm,,
ba2151a289e1a2ef,plan B,Berlin,"Wilhelmstraße 144, 13595 Berlin",http://www.planb-wohnzimmer.de,,,1,overpass_osm,,
6afd88e45a73173a,Übereck,Berlin,"Prenzlauer Allee 47, 10405 Berlin",,,,1,overpass_osm,,
